5\1\1970,,4264.289,,,,,1.6179,0.0764,1.5865,0.5744,2.0946,-0.5018,0.8295,,,,,,-0.9538,0.5841,1.3602
8\1\1970,,4302.259,,,,,0.515,-0.3167,0.7152,0.5712,0.6913,0.2889,0.0584,,,,,,0.3454,-0.338,0.9126
11\1\1970,,4256.637,,,,,0.6307,-2.1871,-0.4012,2.3733,-0.6793,2.8181,-2.2782,,,,,,1.3771,-0.7934,1.9177
2\1\1971,,4374.016,,,,,-0.2121,-2.2512,-1.2605,1.9843,-1.8121,2.9466,-2.7119,,,,,,1.9593,-0.2469,0.1174
5\1\1971,,4398.829,,,,,0.3094,-1.1291,-0.6283,1.2547,-0.64,1.3996,-1.3333,,,,,,1.0804,0.0512,0.4064
8\1\1971,,4433.943,,,,,-0.2787,-0.0784,-1.0759,0.1083,-0.8535,0.3103,-0.5232,,,,,,0.3707,0.3321,0.123
11\1\1971,,4446.264,,,,,-0.0226,-1.2714,0.3525,1.0109,-0.3597,1.0558,-0.8863,,,,,,0.6687,-0.0542,1.2193
2\1\1972,,4525.769,,,,,0.2876,-1.9051,-0.4788,1.812,-0.9004,1.9709,-1.9137,,,,,,1.4225,0.6518,0.3493
5\1\1972,,4633.101,,,,,-0.5239,-0.0637,0.1232,-0.2656,-0.3263,-0.208,0.1686,,,,,,0.6688,0.6201,-0.6195
8\1\1972,,4677.503,,,,,-0.4421,0.1324,-0.7265,-0.2235,-0.6705,-0.0486,-0.1477,,,,,,0.4764,0.6154,-0.3817
11\1\1972,,4754.546,,,,,0.5519,-0.8598,-0.2615,1.1439,-0.1398,1.199,-1.0195,,,,,,0.9209,1.0248,0.966
2\1\1973,,4876.166,,,,,-1.9109,0.285,0.1838,-1.2992,-1.1113,-1.218,1.0452,,,,,,-0.3621,1.4815,-1.7661
5\1\1973,,4932.571,,,,,-1.086,0.5904,-1.0249,-0.9427,-1.1378,-0.8859,0.4622,,,,,,-0.6903,1.1248,-1.3584
8\1\1973,,4906.252,,,,,-0.0307,0.4709,0.5503,-0.4739,0.4926,-0.4123,0.5599,,,,,,-1.7689,1.5912,0.4583
11\1\1973,,4953.050,,,,,-0.8008,0.7006,1.0026,-1.2088,0.37,-1.2091,1.2545,,,,,,-2.0275,0.9699,-0.3662
2\1\1974,,4909.617,,,,,-0.0976,0.4616,1.6055,-0.6504,1.0878,-0.6195,1.0426,,,,,,-1.8026,1.4309,-0.3939
5\1\1974,,4922.188,,,,,-0.1837,0.801,1.1174,-0.8713,0.8137,-0.784,1.0139,,,,,,-2.4346,1.306,0.2664
8\1\1974,,4873.520,,,,,-1.0636,1.3437,0.4575,-1.7989,0.0698,-1.7566,1.6715,,,,,,-4.0477,0.8348,-0.8826
11\1\1974,,4854.340,,,,,-0.6407,0.4306,-2.1933,-0.5265,-1.48,-0.5619,-0.1422,,,,,,-2.3156,-0.8543,-2.0508
2\1\1975,,4795.295,,,,,1.84,-0.8859,-1.1628,1.8716,0.2938,1.8539,-1.7655,,,,,,0.1996,-0.7628,0.923
5\1\1975,,4831.942,,,,,1.7987,0.1532,-1.2394,0.9804,0.6633,1.0169,-0.9043,,,,,,1.3219,-0.7555,0.9336
8\1\1975,,4913.328,,,,,0.3634,0.5087,-1.8926,-0.0268,-0.5786,0.0211,-0.2551,,,,,,0.8387,-0.4678,-0.4774
11\1\1975,,4977.511,,,,,0.1234,-0.6775,-3.0141,0.9492,-1.8702,0.8921,-1.5961,,,,,,1.1,-0.6036,-0.7057
2\1\1976,,5090.663,,,,,0.5199,-0.842,-2.0748,1.1888,-1.132,1.1348,-1.5934,,,,,,1.7036,-0.1607,-0.2437
5\1\1976,,5128.947,,,,,0.2391,-0.593,-1.6507,0.6461,-0.9885,0.6115,-1.0041,,,,,,1.1885,-0.0606,-0.1048
8\1\1976,,5154.072,,,,,1.8722,-1.3152,-0.9533,2.4213,0.145,2.3838,-2.1841,1.7334,,,1.2603,,1.3272,0.5527,2.317
11\1\1976,,5191.499,,,,,0.2627,-1.5164,-1.171,1.6976,-1.1691,1.6715,-1.8302,1.4441,,,0.9294,,1.0551,-0.0519,0.6668
2\1\1977,,5251.762,,,,,0.2137,-1.2903,-0.9592,1.4071,-0.9707,1.3675,-1.504,1.3188,,,1.2547,,0.9624,0.5077,0.4983
5\1\1977,,5356.131,,,,,0.2975,-1.4249,-0.7125,1.5313,-0.8224,1.4536,-1.5368,0.9957,,,0.8092,,0.9712,0.8992,0.9933
8\1\1977,,5451.921,,,,,-0.271,-0.7067,-0.9995,0.6571,-1.1047,0.6322,-0.9016,0.8014,,,0.2655,,0.4117,0.8298,0.0858
11\1\1977,,5450.793,,,,,0.3577,-0.9081,-0.579,1.1359,-0.5035,1.0774,-1.1043,1.0473,,,0.6034,,0.2227,1.0428,0.9064
2\1\1978,,5469.405,,,,,1.08,-1.185,0.5358,1.5161,0.6031,1.4313,-1.0925,1.3749,,,0.7836,,-0.1114,1.5241,1.8757
5\1\1978,,5684.569,,,,,-0.1354,-0.3159,-0.0982,0.1349,-0.2124,0.1318,-0.2162,0.3549,,,0.4208,,-0.3174,1.6179,-0.2569
8\1\1978,,5740.300,,,,,-0.3004,-0.4104,-0.358,0.2299,-0.596,0.2232,-0.3621,0.2677,,,0.2743,,-0.4959,1.4583,-0.1042
11\1\1978,,5816.222,,,,,-0.9478,0.3422,-0.9054,-0.6641,-1.0993,-0.6156,0.2589,-0.6432,,,-0.1362,,-1.2822,1.7025,-0.9057
2\1\1979,,5825.949,,,,,0.9158,-0.0734,1.5193,0.3977,1.5186,0.2904,0.288,0.4701,,,-0.6339,,-1.0019,2.1978,1.3317
5\1\1979,,5831.418,,,,,1.0156,-0.6154,1.2355,0.9769,1.1865,0.8871,-0.3227,0.8003,,,-0.5339,,-0.9685,1.9099,1.4825
8\1\1979,,5873.335,,,,,-0.077,-0.2537,1.591,-0.0271,0.8026,-0.1121,0.5088,0.0974,,,-1.2591,,-1.3739,1.5877,0.5433
11\1\1979,,5889.495,,,,,-0.4047,1.9697,1.2468,-1.9763,1.2172,-2.0503,2.251,-0.9648,,,-1.8957,,-2.6053,1.6072,-0.6864
2\1\1980,,5908.467,,,,,0.0751,1.9557,1.6883,-1.7235,1.8252,-1.8477,2.1972,-1.5119,,,-1.5544,0.1554,-2.5624,1.8562,-0.2846
5\1\1980,,5787.373,,,,,-0.2001,-0.0116,-0.4847,-0.0792,-0.4357,-0.0471,-0.1925,0.2606,,,0.2224,2.1679,-2.4773,-0.7842,-0.2572
8\1\1980,,5776.617,,,,,1.1812,-1.5307,-0.2051,1.96,0.0454,1.9343,-1.7854,1.3974,,,1.2191,-0.8078,-0.585,0.0667,1.0293
11\1\1980,,5883.460,,,,,-0.9714,1.3528,1.126,-1.7435,0.5197,-1.7684,1.8734,-1.7663,,,-1.9781,0.763,-2.4952,1.1765,-1.0201
2\1\1981,,6005.717,,,,,-0.8654,1.7626,-0.1449,-1.821,-0.0623,-1.8005,1.6936,-2.3541,,,-2.3804,2.4731,-2.4822,1.0775,-0.6919
5\1\1981,,5957.795,,,,,-0.8914,0.9119,0.7884,-1.2575,0.1416,-1.2822,1.368,-1.4288,,,-1.6331,1.258,-2.614,1.2715,-1.2857
8\1\1981,,6030.184,,,,,-0.8634,1.6038,0.6143,-1.911,0.4355,-1.947,1.8561,-1.7004,,,-0.5697,1.6348,-2.6806,1.3697,-1.4933
11\1\1981,,5955.062,,,,,-0.4182,-0.9869,0.093,0.3811,-0.5022,0.3679,-0.6985,0.0776,,,1.8169,1.9439,-1.8156,-0.321,-0.2725
2\1\1982,,5857.333,,,,,0.0166,-0.0923,0.4908,-0.0891,0.3719,-0.0674,0.1435,0.0481,,,1.2693,0.7433,-1.9663,-0.1968,-0.3328
5\1\1982,,5889.074,,,,,-0.963,0.2307,1.2955,-1.0399,0.3826,-1.0419,0.9445,-0.8301,,,0.4945,0.9658,-2.0935,-0.2265,-0.1697
8\1\1982,,5866.370,,,,,-1.0161,-0.4297,-1.3365,-0.3366,-1.4559,-0.3084,-0.7149,-0.3751,,,2.9988,1.0144,-1.8115,-1.249,-1.3018
11\1\1982,,5871.001,,,,-0.72,-0.4378,-2.5208,-1.1426,1.7641,-1.8977,1.7887,-2.4965,0.6426,,,1.4704,2.3109,-0.3013,-1.6389,0.2196
2\1\1983,,5944.020,,,,0.02,-1.9475,-2.5473,-0.4169,0.9697,-2.6256,0.975,-1.3776,0.1879,,,0.5576,1.3972,0.187,-1.1862,-0.1157
5\1\1983,,6077.619,,,,0.62,-1.0812,-1.2274,-0.0396,0.3438,-1.2363,0.3542,-0.5483,-0.3526,,,0.1338,1.7086,0.3688,-0.1761,-0.2379
8\1\1983,,6197.468,,,,0.85,-0.7241,0.3211,-0.579,-0.6511,-0.6951,-0.6139,0.3782,-1.1043,,,0.8269,1.587,-0.0507,0.7376,-1.0371
11\1\1983,,6325.574,,,,0.42,-0.8516,0.2734,-0.9752,-0.6804,-0.9967,-0.6243,0.2345,-0.7691,,,1.0877,1.1155,-0.1712,0.7143,-1.2054
2\1\1984,,6448.264,,,,-0.17,-0.7035,-0.0613,-0.8672,-0.3178,-0.9842,-0.2688,-0.0439,-0.4217,,,1.0912,0.7544,-0.0396,1.0627,-1.0119
5\1\1984,,6559.594,,,,-0.77,-0.9395,0.7558,-0.4438,-1.1936,-0.5271,-1.1767,0.8407,-1.0749,,,2.0191,-0.3276,-0.5526,1.4092,-1.5631
8\1\1984,,6623.343,,,,-1.19,-0.1848,0.0983,0.0301,-0.3156,0.0558,-0.2822,0.1206,-0.2552,,,1.2932,0.2908,-0.6126,1.0637,-0.2416
11\1\1984,,6677.264,,,,-1.02,0.4153,-0.7295,0.1162,0.6786,0.2147,0.6946,-0.7143,0.8578,,,1.3434,-0.1319,0.0228,0.6826,0.5994
2\1\1985,,6740.275,,,,-0.74,-0.6904,-1.475,0.2767,0.6314,-0.7739,0.6434,-0.7826,0.8713,,,1.7686,-0.3,0.2375,0.7762,-0.2984
5\1\1985,,6797.344,,,,-0.56,-0.2811,-1.6999,0.6418,1.0254,-0.3898,0.9976,-0.9957,0.7279,,,1.4252,0.2153,0.4503,0.357,0.8815
8\1\1985,,6903.523,,,,-0.36,-0.8627,-1.3361,0.5209,0.46,-0.7713,0.4049,-0.6169,0.1357,,,0.9163,0.4632,0.3899,0.351,0.2669
11\1\1985,,6955.918,,,,-0.11,-1.1907,-2.9169,2.2096,1.1763,-0.4274,1.0839,-1.1593,0.5075,,,0.4985,0.5922,0.3699,1.1741,1.3219
2\1\1986,,7022.757,,,,0.57,0.0388,-1.2871,0.4376,0.9445,-0.1687,0.8721,-1.0629,0.477,,,-0.2856,0.9794,0.6132,0.1404,0.9189
5\1\1986,,7050.969,,,,1.41,-0.8655,-2.5324,0.7912,1.3992,-1.0974,1.2202,-1.4646,0.3419,,,-0.3664,1.2495,0.7991,-0.2587,0.9605
8\1\1986,,7118.950,,,,1.80,-1.1996,-1.876,0.7286,0.7168,-1.1239,0.5765,-0.805,-0.3321,,,-0.1562,2.1567,0.6176,-0.1498,0.2714
11\1\1986,,7153.359,,,,1.76,-0.8143,-1.5713,0.7567,0.7007,-0.7195,0.592,-0.6719,-0.0185,,,-0.0436,0.9256,0.5055,0.0348,0.4946
2\1\1987,,7193.019,,,,2.15,-0.1561,-1.1877,0.4871,0.7849,-0.2733,0.6737,-0.8276,0.4932,,,-0.1344,0.0219,0.3797,0.1606,0.849
5\1\1987,,7269.510,,,,2.66,-0.1217,0.1273,0.347,-0.2726,0.2147,-0.332,0.0708,-0.3971,,,0.8498,-0.1272,-0.0611,0.3502,-0.1621
8\1\1987,,7332.558,,,,2.76,0.2878,0.1133,0.1375,-0.0157,0.3787,-0.0305,-0.1373,0.0118,,,1.0309,-0.0021,0.0866,0.4322,0.1426
11\1\1987,,7458.022,,,,2.15,-2.7367,1.0676,-2.0568,-2.2707,-2.6726,-2.4453,0.8962,-2.8423,,,1.3547,0.3704,-1.0804,-0.9146,-3.364
2\1\1988,,7496.600,,,,1.51,-0.1369,-0.361,-0.5339,0.1637,-0.4756,0.0422,-0.6278,0.0256,,,0.9167,-0.1139,-0.1207,0.0862,-0.1616
5\1\1988,,7592.881,,,,1.21,0.2035,0.2294,-0.5412,-0.1164,-0.0125,-0.1284,-0.2657,0.1519,,,0.9846,-0.1909,-0.0812,0.4692,-0.301
8\1\1988,,7632.082,,,,1.07,0.4961,0.3542,-0.1647,-0.0416,0.428,-0.0464,-0.1529,0.2169,,,0.6976,-0.5923,-0.1409,0.4563,0.1175
11\1\1988,,7733.991,,,,0.98,0.3103,0.405,-0.09,-0.1947,0.3768,-0.2018,0.0238,0.2389,,,-0.2425,-0.8123,-0.1341,0.5038,-0.0033
2\1\1989,,7806.603,,,,0.76,0.86,1.0808,0.4195,-0.4741,1.3427,-0.4462,0.4545,0.098,,,-0.57,-0.4619,-0.3209,0.8019,-0.0536
5\1\1989,,7865.016,,,,0.54,0.9098,0.9362,0.1431,-0.333,1.1873,-0.2787,0.2338,-0.0255,,,-0.8758,0.2751,-0.3658,0.4282,0.1846
8\1\1989,,7927.393,,,,0.43,0.2101,0.8037,0.3087,-0.5436,0.6542,-0.4593,0.2023,0.2551,,,-1.3741,-0.1987,-0.2941,-0.1062,-0.2953
11\1\1989,,7944.697,,,,0.48,0.2614,-0.4835,0.4833,0.517,0.2866,0.4287,0.1625,0.106,,,-1.3476,-0.6109,0.13,0.1234,0.5572
2\1\1990,,8027.693,-0.47164254,-2.157945662,,0.21,-0.3482,1.1147,-0.1683,-1.0821,0.116,-1.0103,0.6769,-0.4119,,,-0.6192,-0.1543,-0.464,-0.0698,-1.0296
5\1\1990,,8059.598,0.352969221,-1.416685658,,-0.31,0.2134,0.6958,-0.5331,-0.3916,0.1067,-0.4601,0.2672,0.1588,,-1.8359,-0.1872,-0.4991,-0.4116,-0.4217,-0.4546
8\1\1990,,8059.476,0.240544105,-1.47220806,,-0.77,0.1845,0.7484,-1.0111,-0.3813,-0.213,-0.4609,0.1441,0.1058,,-1.1968,-0.2736,-1.2094,-0.4797,-0.6207,-0.3843
11\1\1990,,7988.864,-0.934824672,-2.434890607,,-0.89,1.0914,0.426,-0.3704,0.2826,0.723,0.2247,-0.1647,0.6573,,-0.7472,-0.1798,-1.4755,-0.5788,-0.7981,0.6144
2\1\1991,,7950.164,1.067259789,-0.380860254,,-0.19,1.4936,-0.0338,-0.5441,0.8994,0.7043,0.8868,-0.8404,1.7083,,-0.0133,0.491,-1.6961,-0.2318,-1.103,1.2025
5\1\1991,,8003.822,1.338937265,-0.021746084,,0.57,1.4088,-0.4306,-0.2928,1.1636,0.6289,1.0892,-0.7229,1.2855,,0.479,0.6186,-2.13,0.2712,-0.5683,1.1443
8\1\1991,,8037.538,0.954070896,-0.308159443,,0.72,1.3057,-0.2446,-1.0409,1.0184,0.1713,0.9233,-0.9926,1.3353,,-0.2813,0.4356,-1.7805,0.312,-0.6997,1.1334
11\1\1991,,8069.046,0.502426828,-0.556517079,,1.00,0.8648,-0.6559,-1.2619,1.0844,-0.3929,0.9977,-1.1887,1.2926,,-0.489,0.4395,-1.3531,0.3509,-0.7622,1.0039
2\1\1992,,8157.616,0.986827071,0.046362591,,1.47,1.0133,-0.1983,-1.2314,0.8279,-0.1283,0.7598,-0.9581,1.1944,,-0.2378,0.8944,-1.1148,0.5226,-0.5361,0.6408
5\1\1992,,8244.294,0.498584719,-0.344887651,,1.44,1.2787,0.1757,-1.5883,0.7069,-0.0698,0.6614,-0.9094,0.9557,,0.0225,1.1473,-1.2438,0.632,-0.4016,0.5298
8\1\1992,,8329.361,0.49053507,-0.228118031,,1.35,1.1208,-0.3454,-1.6521,1.0271,-0.4005,0.9206,-1.2514,1.1335,,-0.4639,0.6686,-0.7676,0.7028,-0.4494,0.8818
11\1\1992,,8417.016,0.397705145,-0.273031891,,1.51,1.0425,0.3752,-1.6236,0.4175,-0.1621,0.4366,-0.6811,0.8854,,-0.467,1.0429,-0.6237,0.5678,-0.3356,0.1701
2\1\1993,,8432.485,0.120543353,-0.522178169,,1.77,1.8807,-0.1945,-1.4714,1.2373,0.2821,1.1999,-1.5035,1.5485,-1.2361,0.3662,0.9328,-1.2026,0.565,-0.5041,1.261
5\1\1993,,8486.435,0.726751347,0.022754321,,1.90,1.3706,-0.6348,-0.8109,1.2576,0.1649,1.1797,-1.3344,1.4725,-0.1603,0.9083,0.587,-1.2648,0.6338,-0.201,1.3044
8\1\1993,,8531.108,0.622132901,-0.071289292,,1.78,1.5756,-0.5551,-0.1463,1.2591,0.7621,1.2901,-1.2012,1.5838,-0.3601,1.884,0.2627,-1.5129,0.6806,-0.0222,1.4771
11\1\1993,,8643.769,0.631898843,-0.062510492,,1.54,1.028,-0.1983,-0.1025,0.8378,0.4402,0.8509,-0.5391,0.697,1.0732,0.8917,0.2023,-0.9873,0.9237,0.2395,0.9653
2\1\1994,,8727.919,0.83000347,0.077036903,,1.06,1.0956,0.3614,-0.866,0.2724,0.3552,0.2624,-0.3308,0.5462,-1.5985,1.1587,0.606,-1.0345,0.5179,0.0402,0.2143
5\1\1994,,8847.303,0.734890397,-0.171000568,,0.27,1.5731,1.3851,-1.187,-0.3158,0.9108,-0.185,-0.026,0.4681,-2.0353,0.1491,1.1429,-0.9192,0.3974,0.2646,-0.1077
8\1\1994,,8904.289,1.400098435,0.312070388,,-0.31,1.5642,0.7975,-0.396,0.1596,1.1591,0.2923,-0.1923,0.9552,-0.5698,0.1782,1.091,-1.1874,0.4465,0.4734,0.5087
11\1\1994,,9003.180,1.116225676,-0.076221878,,-0.61,1.103,1.6139,-0.7498,-0.7564,0.9552,-0.5041,0.7375,0.1858,-1.7987,-0.0659,1.0531,-1.0683,0.2251,0.325,-0.6458
2\1\1995,,9025.267,1.143535829,-0.19809694,-1.04,-0.73,1.9859,1.1908,0.0302,-0.0086,1.9441,0.2343,0.2325,1.0362,-0.538,0.0022,0.3961,-1.4869,0.1307,0.3768,0.48
5\1\1995,,9044.668,1.918938571,0.46389826,0.14,-0.46,1.968,0.5156,0.4913,0.5396,1.9311,0.771,-0.1919,1.5205,0.0791,0.4508,-0.6609,-1.6666,0.2717,0.3566,1.1278
8\1\1995,,9120.684,2.014332966,0.599392553,0.18,0.06,1.7517,0.6368,1.0183,0.4018,2.0714,0.673,0.0539,1.1734,0.5783,0.8406,-0.965,-1.4914,0.4374,0.4112,1.0575
11\1\1995,,9184.275,1.027598284,-0.277094037,0.09,0.51,1.4723,0.523,0.9024,0.4368,1.6893,0.6693,0.3157,0.6498,1.3122,0.5079,-1.2591,-1.1929,0.5734,0.4002,0.9257
2\1\1996,,9247.188,1.442132304,0.176107501,-0.10,0.67,1.116,0.3861,0.5316,0.3137,1.1998,0.4286,0.2578,0.6287,0.6653,0.3362,-0.9486,-1.0371,0.4306,0.3733,0.7864
5\1\1996,,9407.052,1.282235128,0.049187051,-0.26,0.70,0.8952,1.2657,0.225,-0.5501,1.2499,-0.3772,0.9272,0.0447,-0.0584,-0.7575,-0.2513,-0.7469,0.3522,0.5236,-0.1635
8\1\1996,,9488.879,1.037819699,-0.170522866,-0.20,0.63,1.0617,1.3639,-0.4449,-0.5555,1.0025,-0.3914,0.517,0.374,-1.0626,-0.4691,-0.1197,-0.8635,0.1913,0.196,-0.2165
11\1\1996,,9592.458,1.899428964,0.603994935,0.14,0.66,1.2294,0.6132,0.0838,0.1997,1.1051,0.3335,0.2572,0.5926,0.6847,-0.5811,-0.4094,-0.6831,0.6097,0.6142,0.5597
2\1\1997,,9666.235,1.994543641,0.685291839,-0.23,0.50,0.6925,0.9462,0.3142,-0.4405,1.0822,-0.3144,0.7328,0.1639,-0.5728,-0.0746,-0.2039,-0.8655,0.1728,0.3867,-0.1013
5\1\1997,,9809.551,1.859495188,0.515552915,0.03,0.58,0.2504,0.8688,0.2791,-0.6092,0.7433,-0.4959,0.7347,-0.1952,-0.2645,-0.7897,-0.0979,-0.4988,0.2352,0.4768,-0.3674
8\1\1997,,9932.672,2.497268769,1.088860342,0.44,1.29,0.1214,0.3691,0.8221,-0.2703,0.7784,-0.179,0.6047,-0.1067,0.3496,-0.3083,-0.6913,-0.3508,0.4121,0.6085,0.0369
11\1\1997,,10008.874,1.327561941,0.03738748,0.01,1.79,-0.2452,-0.0425,0.9782,-0.0227,0.3663,-0.003,0.7993,-0.6669,1.5346,-0.2788,-0.8508,-0.4527,0.4881,0.5704,0.0787
2\1\1998,,10103.425,1.13845877,-0.132601142,-0.10,1.57,-0.0517,-0.1954,1.7929,0.1851,0.971,0.221,0.8355,-0.0986,1.4089,0.1312,-1.2963,-0.5469,0.48,0.7053,0.543
5\1\1998,,10194.277,1.468622845,0.164189948,0.02,1.43,-0.0553,-0.4163,2.0341,0.3949,1.0123,0.498,0.8339,-0.2063,2.4578,0.1361,-1.1458,-0.4906,0.6356,0.8563,0.7976
8\1\1998,,10328.787,-0.20715007,-1.340794647,-0.95,0.63,-1.234,0.1463,0.8066,-0.6826,-0.3014,-0.7047,1.2353,-1.7529,0.3987,-0.0627,-1.4724,0.3636,0.1186,0.0643,-0.7697
11\1\1998,,10507.575,-0.769664745,-1.724546519,-0.88,-0.36,-2.3423,-0.3237,0.5607,-0.7904,-1.4999,-0.9079,0.7148,-1.532,0.2097,-0.662,-1.7232,1.6103,0.1664,-0.2309,-1.1157
2\1\1999,,10601.179,0.177848452,-0.83847872,-0.20,0.05,-0.7732,0.1389,0.2585,-0.4749,-0.3282,-0.5143,0.5729,-0.9542,-0.1822,-0.2165,-1.1301,1.0363,0.1649,0.0272,-0.6635
5\1\1999,,10684.049,0.211306278,-0.809103407,-0.11,0.68,0.1792,0.7742,0.2413,-0.5285,0.5716,-0.4333,0.7985,-0.4381,-0.4473,0.0536,-0.4784,0.3312,0.1059,0.1104,-0.2764
8\1\1999,,10819.914,-0.598258847,-1.611100936,-0.49,0.42,-0.5201,0.8682,0.816,-0.9494,0.5015,-0.8441,1.2954,-1.1261,0.0155,-0.2603,-0.5058,0.6621,0.0348,0.2992,-0.8037
11\1\1999,,11014.254,0.058046071,-1.077883649,-0.08,0.18,-0.699,1.4377,0.0544,-1.5633,0.1847,-1.5456,1.2536,-1.2553,-1.5834,-1.2522,-0.7079,0.8793,-0.1662,0.0673,-1.5185
2\1\2000,,11043.044,0.110765584,-1.097750304,-0.37,0.76,-0.719,1.0284,0.1472,-1.1849,0.0203,-1.1038,1.4275,-1.3485,-0.7629,-0.9538,-0.1787,0.6568,-0.2209,0.0073,-1.3461
5\1\2000,,11258.454,-1.409762336,-2.581582905,-1.48,0.76,-1.5995,1.2593,0.0453,-1.814,-0.5266,-1.7434,1.8807,-2.0478,-1.0001,-2.3516,-0.8677,1.8034,-0.2457,-0.0831,-2.0549
8\1\2000,,11267.867,-1.019069789,-2.282225715,-1.81,-0.37,-0.3521,0.5142,0.897,-0.5515,0.5131,-0.5055,0.9444,-0.5554,0.0272,-0.9686,-1.5025,1.0348,-0.1516,-0.0592,-0.3875
11\1\2000,,11334.544,-2.101345183,-3.255104712,-2.95,-1.66,-0.7367,0.3826,0.6216,-0.5769,-0.0155,-0.5709,1.2231,-1.1956,0.4044,-1.4042,-1.9832,1.0794,-0.1735,-0.3638,-0.5921
2\1\2001,,11297.171,-1.655536189,-2.666598185,-3.34,-3.11,-0.8621,-0.7929,0.7709,0.3486,-0.5499,0.2742,0.0937,-0.2895,1.0425,-0.1872,-1.6026,0.112,-0.1646,-0.8321,0.326
5\1\2001,,11371.251,-0.981287447,-1.790772788,-2.84,-3.92,-0.6431,-0.5222,0.5388,0.2035,-0.4231,0.1104,0.0217,-0.2777,0.7674,-0.1306,-0.4513,0.2796,-0.0304,-0.5321,0.2109
8\1\2001,,11340.075,-1.492402412,-2.087685826,-3.06,-3.64,-0.3905,-0.8926,0.6998,0.6556,-0.3183,0.5461,-0.2801,0.1076,0.9379,0.8006,-0.4739,-0.3474,0.0203,-0.7828,0.7349
11\1\2001,,11380.128,-1.412658906,-1.718949807,-2.59,-3.19,-0.9992,-1.6518,0.5979,0.9905,-1.1454,0.7749,-0.6875,0.2151,1.2731,0.9719,0.2968,0.3669,0.2377,-0.7894,1.1015
2\1\2002,,11477.868,-0.710248884,-1.006270177,-2.63,-2.40,-0.403,-0.6737,0.1517,0.3953,-0.5083,0.2496,-0.3105,0.3703,0.1342,0.0477,0.8508,-0.0725,0.1136,-0.6478,0.2757
5\1\2002,,11538.770,-1.09001672,-1.34765108,-2.24,-1.91,-0.0807,-0.8127,-0.3192,0.6615,-0.625,0.5536,-0.6144,0.3565,0.4058,0.1773,1.0301,-0.172,0.2815,-0.4359,0.6721
8\1\2002,,11596.430,-2.812459934,-2.895989734,-2.51,-2.64,-1.5112,-1.0809,-0.3967,0.2269,-1.8444,0.0154,-0.3092,-0.7198,-0.3118,0.9548,-0.0176,1.0402,0.09,-0.8859,-0.2488
11\1\2002,,11598.824,-1.654679673,-1.790152471,-2.20,-3.29,-1.1217,-1.5338,0.6861,0.8222,-1.098,0.7126,-0.6326,-0.0002,1.0868,1.5601,0.1029,0.8599,0.2331,-0.5186,0.6116
2\1\2003,,11645.819,-1.305182824,-1.435978694,-1.64,-2.69,-0.4911,-0.9352,0.0283,0.6048,-0.8236,0.4625,-0.617,-0.0219,0.3559,1.277,0.1097,0.4362,0.1522,-0.6329,0.4405
5\1\2003,,11738.706,0.204054067,-0.075932604,-0.12,-1.22,-0.3264,-1.1666,0.9793,0.8643,-0.1864,0.7329,-0.7121,0.5904,0.704,1.5708,-0.3719,0.2329,0.4153,-0.1326,0.9714
8\1\2003,,11935.461,0.591213552,0.321274686,-0.03,0.40,-0.5964,-0.321,-0.6826,-0.0154,-1.0539,-0.1743,-0.4958,-0.1582,-0.9695,0.6667,0.1468,0.8714,0.3843,-0.2147,-0.1495
11\1\2003,,12042.817,0.899976092,0.598827509,1.06,1.83,0.286,-0.5549,-0.6527,0.614,-0.5062,0.4803,-0.8375,0.4626,-0.3485,0.6763,0.5617,0.4597,0.5435,-0.0457,0.3891
2\1\2004,,12127.623,1.306343169,0.964119001,2.12,2.93,0.3779,-0.8625,-0.4454,0.8739,-0.4156,0.7654,-1.0851,0.8417,-0.3736,1.2862,0.5415,0.4598,0.5601,0.2949,0.9066
5\1\2004,,12213.818,0.739066596,0.453412088,1.73,3.38,0.4949,-0.6382,-0.0601,0.8101,-0.0587,0.7517,-0.4649,0.4646,0.3432,2.058,1.2503,0.0054,0.6501,0.5402,0.8135
8\1\2004,,12303.533,0.590840949,0.23175379,1.79,3.25,0.6013,-0.831,-0.1003,0.9997,-0.0641,0.8777,-0.7321,0.6984,0.3942,1.6075,0.5971,-0.2788,0.6152,0.4263,1.0056
11\1\2004,,12410.282,1.470947734,0.914376958,2.63,3.32,0.5679,-0.5736,0.4363,0.7701,0.3818,0.6866,-0.5389,0.797,0.2966,1.528,0.0617,-0.1645,0.5999,0.6695,0.9988
2\1\2005,,12534.113,1.551830779,0.881784666,2.86,3.84,0.5281,-0.2472,0.6385,0.479,0.6003,0.4525,-0.2888,0.5654,0.1343,1.1054,0.0501,0.0315,0.5491,0.8632,0.7404
5\1\2005,,12587.535,1.254659132,0.514816104,2.70,4.04,0.8938,-0.4881,1.1536,0.8826,1.0924,0.8812,-0.0822,0.7266,0.9696,1.5241,-0.2392,-0.3238,0.5909,0.9929,1.1876
8\1\2005,,12683.153,1.289363785,0.438331103,2.61,3.89,0.4439,-0.3742,0.8834,0.5379,0.6897,0.5112,-0.0545,0.5275,0.5166,0.9657,-0.5233,-0.0898,0.4887,0.9329,0.819
11\1\2005,,12748.699,0.459627862,-0.421171893,2.20,3.65,0.5281,-0.1019,1.5475,0.43,1.2164,0.4968,0.4528,0.3594,1.4436,0.8124,-0.668,-0.2272,0.4806,0.9478,0.7949
2\1\2006,,12915.938,0.505715767,-0.477475788,2.40,3.38,0.1035,0.3594,0.9034,-0.2151,0.7553,-0.1926,0.6556,0.029,-0.1109,-0.0864,-1.3543,0.2845,0.3791,0.8071,0.0796
5\1\2006,,12962.462,0.384843982,-0.683722969,1.95,2.91,0.4026,0.3663,1.3705,-0.0655,1.2869,0.0472,0.8297,0.0275,0.5636,0.3376,-1.0244,-0.0986,0.3408,0.9389,0.3217
8\1\2006,,12965.916,0.202619807,-0.921300753,1.93,2.25,0.5919,0.3281,1.5688,0.0607,1.5253,0.19,0.9244,0.2476,0.2449,0.3844,-1.3114,-0.1806,0.1975,0.5694,0.516
11\1\2006,,13060.679,1.16853561,-0.053019719,2.29,1.75,0.345,-0.0533,2.2494,0.2652,1.624,0.3321,0.7398,0.5369,1.0227,0.2627,-1.9417,-0.8037,0.299,0.7004,0.9174
2\1\2007,,13099.901,0.866246615,-0.324753342,2.32,1.67,0.1374,0.2412,1.709,-0.0605,1.2182,0.0313,0.8481,0.0404,0.5955,0.1714,-1.727,-0.4292,0.1745,0.4224,0.4283
5\1\2007,,13203.977,0.775865156,-0.405999044,2.52,1.57,0.0178,0.6398,1.4793,-0.4747,1.1697,-0.3536,1.1078,-0.2382,0.1472,0.1542,-1.422,-0.3237,0.1592,0.4411,-0.0573
8\1\2007,,13321.109,-0.536556911,-1.569998063,2.04,1.35,-1.3472,1.031,0.6577,-1.4791,-0.1333,-1.3956,1.1907,-1.1807,-1.2426,-0.6675,-1.6134,0.3577,-0.2862,-0.3708,-1.3553
11\1\2007,,13391.249,-1.09960203,-1.938463337,1.86,0.91,-1.7426,1.0016,-0.1892,-1.7047,-0.8783,-1.5991,1.0793,-1.4554,-1.7278,-1.4122,-1.3093,0.7277,-0.5557,-0.9903,-1.8526
2\1\2008,,13366.865,-2.767704752,-3.159747299,1.38,0.16,-1.2141,1.1429,-0.6242,-1.5647,-0.744,-1.454,1.0437,-1.473,-1.6092,-1.0676,-0.9429,0.9482,-0.8331,-1.7096,-1.6768
5\1\2008,,13415.266,-2.236319241,-2.447374352,0.45,-0.46,-0.8491,1.7161,-1.2837,-1.8453,-0.704,-1.7249,1.2182,-1.1479,-2.1743,-2.054,-0.0382,0.802,-0.8788,-1.9952,-2.0709
8\1\2008,,13324.600,-4.274604829,-4.262885773,-0.55,-0.92,-1.39,1.6439,-1.2266,-2.0274,-1.0777,-1.9373,1.4652,-2.2257,-1.491,-1.968,0.4443,1.6875,-1.2641,-2.5664,-2.3209
11\1\2008,,13141.920,-8.895296712,-8.212364252,-4.90,-1.86,-3.7502,1.038,-2.5339,-2.7024,-3.7233,-2.6685,1.8125,-3.6321,-2.0293,-1.6816,0.6257,1.7225,-1.9834,-4.2968,-3.7409
2\1\2009,,12925.410,-7.094750212,-6.403885236,-4.22,-2.86,-2.6699,0.2232,-2.07,-1.4729,-3.0478,-1.4576,1.2222,-3.0172,-0.7578,-0.3519,0.2756,1.7043,-1.6517,-4.4232,-2.8024
5\1\2009,,12901.504,-2.748123601,-2.496615642,-2.16,-2.80,0.8213,0.5982,-0.2989,-0.1236,0.6641,0.0475,0.2761,-0.2896,-0.1869,-0.2867,0.2788,0.4537,-0.8705,-2.859,0.0617
8\1\2009,,12973.045,0.073732721,0.040007443,-0.45,-1.16,1.1148,0.7824,-0.564,-0.1334,0.7799,-0.0822,0.078,0.5842,-0.7857,-1.5739,0.1346,-0.0487,-0.4852,-1.9278,-0.0043
11\1\2009,,13154.987,0.321322267,0.262570637,,0.49,0.5181,1.5613,-1.7241,-1.1192,-0.0004,-1.0685,0.7592,-0.5757,-1.601,-2.7625,0.1079,0.797,-0.3718,-1.6297,-1.4172
